objectid,filename,youtubeid,vimeoid,title,creator,date,description,subject,location,latitude,longitude,source,identifier,type,format,language,rights,rightsstatement
coll001,1-CNSM-IRM%20glass%20neg.jpg,,,View South from Harrison St.,,1925-05-19,Distant view SW from CNW track showing west approach to bridge on NS&W,,,,,Illinois Railway Museum's Strahorn Library,,Image;StillImage,image/jpeg,eng,Public domain,http://rightsstatements.org/vocab/NoC-US/1.0/
coll002,2-CNSM-IRM%20glass%20neg.jpg,,,Removing Harrison St Overhead Evanston ILLS,,02/18/1926,Steam crane lifting section of NS&W bridge,,,,,Illinois Railway Museum's Strahorn Library,,Image;StillImage,image/jpeg,eng,Public domain,
coll003,3-CNSM-IRM%20glass%20neg.jpg,,,Rail Bond Welding,,03/24/1926,Large rail bond welding crew working near crossover,,,,,Illinois Railway Museum's Strahorn Library,,Image;StillImage,image/jpeg,eng,Public domain,
coll004,4-CNSM-IRM%20glass%20neg.jpg,,,Asbury Ave View N.E.,,12/26/1924,"View NE from embankment Asbury, showing steel columns for stations, forms for platform mostly complete",,,,,Illinois Railway Museum's Strahorn Library,,Image;StillImage,image/jpeg,eng,Public domain,
coll005,5-CNSM-IRM%20glass%20neg.jpg,,,Auto-Substation North of Main St.,,12/26/1924,"Exterior view SE of substation building at Main St, Niles Center",,,,,Illinois Railway Museum's Strahorn Library,,Image;StillImage,image/jpeg,eng,Public domain,
coll006,6-CNSM-IRM%20glass%20neg.jpg,,,Interior Schreiber Rd Station Final Progress Construction photo,,04/23/1925,"Final interior photo of Kostner station, view W, showing entrance to station house and ticket booth",,,,,Illinois Railway Museum's Strahorn Library,,Image;StillImage,image/jpeg,eng,Public domain,
coll007,7-CNSM-IRM%20glass%20neg.jpg,,,Skokie Valley Line Substation No 1,,12/31/1925,"View NW showing construction Lake Av substation building, high tension tower being constructed",,,,,Illinois Railway Museum's Strahorn Library,,Image;StillImage,image/jpeg,eng,Public domain,
coll008,8-CNSM-IRM%20glass%20neg.jpg,,,Auto-Substation No 2 Skokie Valley Line,,12/17/1925,"View NE building being constructed, Kotz Rd substation Northbrook",,,,,Illinois Railway Museum's Strahorn Library,,Image;StillImage,image/jpeg,eng,Public domain,
coll009,9-CNSM-IRM%20glass%20neg.jpg,,,Substation No 1,,12/03/1925,"View NW Lake Av substation, men working on high tension tower",,,,,Illinois Railway Museum's Strahorn Library,,Image;StillImage,image/jpeg,eng,Public domain,
coll010,10-CNSM-IRM%20glass%20neg.jpg,,,Auto-Substation North of Main St.,,01/09/1925,Interior view construction progress of substation,,,,,Illinois Railway Museum's Strahorn Library,,Image;StillImage,image/jpeg,eng,Public domain,
coll011,11-CNSM-IRM%20glass%20neg.jpg,,,Auto-Substation No 3 Skokie Valley Line,,12/17/1925,"Exterior view, substation building under construction",,,,,Illinois Railway Museum's Strahorn Library,,Image;StillImage,image/jpeg,eng,Public domain,
coll012,12-CNSM-IRM%20glass%20neg.jpg,,,"Poster, Washington Park Milwaukee by the North Shore Line",,,,,,,,Illinois Railway Museum's Strahorn Library,,Image;StillImage,image/jpeg,eng,Public domain,
coll013,13-CNSM-IRM%20glass%20neg.jpg,,,"Poster, Milwaukee with fountain",,,,,,,,Illinois Railway Museum's Strahorn Library,,Image;StillImage,image/jpeg,eng,Public domain,
coll014,14-CNSM-IRM%20glass%20neg.jpg,,,"Poster, Suburban Communities by the North Shore Line",,,,,,,,Illinois Railway Museum's Strahorn Library,,Image;StillImage,image/jpeg,eng,Public domain,
coll015,15-CNSM-IRM%20glass%20neg.jpg,,,"Poster, Autumn Woods North Shore Line",,,,,,,,Illinois Railway Museum's Strahorn Library,,Image;StillImage,image/jpeg,eng,Public domain,
coll016,16-CNSM-IRM%20glass%20neg.jpg,,,"Poster, Northern Michigan Resorts - Pere Marquette Steamers",,,,,,,,Illinois Railway Museum's Strahorn Library,,Image;StillImage,image/jpeg,eng,Public domain,
coll017,17-CNSM-IRM%20glass%20neg.jpg,,,waiting room at Adams & Wabash,,,,,,,,Illinois Railway Museum's Strahorn Library,,Image;StillImage,image/jpeg,eng,Public domain,
coll018,18-CNSM-IRM%20glass%20neg.jpg,,,"Poster, Green Bay Trail",,,,,,,,Illinois Railway Museum's Strahorn Library,,Image;StillImage,image/jpeg,eng,Public domain,
coll019,19-CNSM-IRM%20glass%20neg.jpg,,,"Poster, Wisconsin Resorts by North Shore Line, Rail and Bus Route",,,,,,,,Illinois Railway Museum's Strahorn Library,,Image;StillImage,image/jpeg,eng,Public domain,
coll020,20-CNSM-IRM%20glass%20neg.jpg,,,"Poster, St Marys of the Lake",,,,,,,,Illinois Railway Museum's Strahorn Library,,Image;StillImage,image/jpeg,eng,Public domain,
coll021,21-CNSM-IRM%20glass%20neg.jpg,,,"Poster, University Campus Lake Forest",,,,,,,,Illinois Railway Museum's Strahorn Library,,Image;StillImage,image/jpeg,eng,Public domain,
coll022,22-CNSM-IRM%20glass%20neg.jpg,,,"Interior, 209 Wabash - First floor including stairway",,,,,,,,Illinois Railway Museum's Strahorn Library,,Image;StillImage,image/jpeg,eng,Public domain,
coll023,23-CNSM-IRM%20glass%20neg.jpg,,,"Interior, 209 Wabash - First floor including stairway",,,,,,,,Illinois Railway Museum's Strahorn Library,,Image;StillImage,image/jpeg,eng,Public domain,
coll024,24-CNSM-IRM%20glass%20neg.jpg,,,Skokie Valley Line Substation No 3,,12/03/1925,"View NW, substation building under construction at Deerfield",,,,,Illinois Railway Museum's Strahorn Library,,Image;StillImage,image/jpeg,eng,Public domain,
coll025,25-CNSM-IRM%20glass%20neg.jpg,,,Some sort of machinery room in building (Not marked),,,,,,,,Illinois Railway Museum's Strahorn Library,,Image;StillImage,image/jpeg,eng,Public domain,
coll026,26-CNSM-IRM%20glass%20neg.jpg,,,"Section House, Racine",,,"Exterior view, looking north",,,,,Illinois Railway Museum's Strahorn Library,,Image;StillImage,image/jpeg,eng,Public domain,
coll027,27-CNSM-IRM%20glass%20neg.jpg,,,Skokie Valley Line Rail Bond Welding,,03/17/1926,Close view of man preparing to weld bond onto rail,,,,,Illinois Railway Museum's Strahorn Library,,Image;StillImage,image/jpeg,eng,Public domain,
coll028,28-CNSM-IRM%20glass%20neg.jpg,,,"Final Progr' Constr' Photo, view N.W. Dodge Ave Station",,04/15/1925,Completed view of station platform at Dodge,,,,,Illinois Railway Museum's Strahorn Library,,Image;StillImage,image/jpeg,eng,Public domain,
coll029,29-CNSM-IRM%20glass%20neg.jpg,,,Skokie Creek Diversion South of L. BR. View N.E.,,09/23/1925,Left half of two-plate photo,,,,,Illinois Railway Museum's Strahorn Library,,Image;StillImage,image/jpeg,eng,Public domain,
coll030,30-CNSM-IRM%20glass%20neg.jpg,,,Skokie V.L. Sub-Sta No3,,12/31/1925,"View N of construction progress, Deerfield substation",,,,,Illinois Railway Museum's Strahorn Library,,Image;StillImage,image/jpeg,eng,Public domain,
coll031,31-CNSM-IRM%20glass%20neg.jpg,,,Skokie Valley Line Substation No 4,,12/03/1925,"View SW of building construction, Substation 4 at Old Mill Rd Lake Forest",,,,,Illinois Railway Museum's Strahorn Library,,Image;StillImage,image/jpeg,eng,Public domain,
coll032,32a-CNSM-IRM%20glass%20neg.jpg,,,Skokie Valley Line Sub-Station No 2,,12/31/1925,"View NE of Substation building, high tension tower being constructed",,,,,Illinois Railway Museum's Strahorn Library,,Image;StillImage,image/jpeg,eng,Public domain,
coll033,32b-CNSM-IRM%20glass%20neg.jpg,,,N.S. Skokie Valley Line Sub-Station No2,,12/03/1925,View of substation building under construction.,,,,,Illinois Railway Museum's Strahorn Library,,Image;StillImage,image/jpeg,eng,Public domain,
coll034,33-CNSM-IRM%20glass%20neg.jpg,,,Skokie Valley Line Sub-Station No 4,,12/31/1925,View E to substation 4 building (Old Mill Rd LF) showing excavation for conduits to feed overhead,,,,,Illinois Railway Museum's Strahorn Library,,Image;StillImage,image/jpeg,eng,Public domain,
coll035,34-CNSM-IRM%20glass%20neg.jpg,,,Auto-Sub-Station North of Main St.,,01/03/1925,"Exterior view mostly completed substation building, high tension tower mostly constructed",,,,,Illinois Railway Museum's Strahorn Library,,Image;StillImage,image/jpeg,eng,Public domain,
coll036,35-CNSM-IRM%20glass%20neg.jpg,,,Auto-Substation No 4 Skokie Valley Line,,12/17/1925,"View SW showing substation building, footings in high tension yard",,,,,Illinois Railway Museum's Strahorn Library,,Image;StillImage,image/jpeg,eng,Public domain,
coll037,36-CNSM-IRM%20glass%20neg.jpg,,,Auto-Substation No 1 Skokie Valley Line,,12/17/1925,View W of construction near substation building.,,,,,Illinois Railway Museum's Strahorn Library,,Image;StillImage,image/jpeg,eng,Public domain,
coll038,37-CNSM-IRM%20glass%20neg.jpg,,,View N.W. from East Side of Canal,,12/26/1924,"Progress on bridge construction near sanitary channel bridge, steel over CNW tracks",,,,,Illinois Railway Museum's Strahorn Library,,Image;StillImage,image/jpeg,eng,Public domain,
coll039,38-CNSM-IRM%20glass%20neg.jpg,,,Office blg at Camp Deerfield Rd View N.W.,,05/20/1925,View of wood frame construction camp buildings,,,,,Illinois Railway Museum's Strahorn Library,,Image;StillImage,image/jpeg,eng,Public domain,
coll040,39-CNSM-IRM%20glass%20neg.jpg,,,E. Prairie Rd. View North,,09/26/1924,"View of construction at E. Prairie Rd, wooden fenced transformer, horse on ROW",,,,,Illinois Railway Museum's Strahorn Library,,Image;StillImage,image/jpeg,eng,Public domain,
coll041,40-CNSM-IRM%20glass%20neg.jpg,,,Final Progr' Constr' photo view east from E. Prairie Rd,,04/23/1925,"View E from E. Prairie Rd of completed track, crossover",,,,,Illinois Railway Museum's Strahorn Library,,Image;StillImage,image/jpeg,eng,Public domain,
coll042,41-CNSM-IRM%20glass%20neg.jpg,,,"Three photos of steam ship, horse drawn wagons. Mound City Excelsior Mfg Co.",,,,,,,,Illinois Railway Museum's Strahorn Library,,Image;StillImage,image/jpeg,eng,Public domain,
coll043,42-CNSM-IRM%20glass%20neg.jpg,,,N.S.S.V. Line. Northbrook Sta',,05/05/1929,"View NW of construction at Northbrook station, showing part of foundation, windows being installed",,,,,Illinois Railway Museum's Strahorn Library,,Image;StillImage,image/jpeg,eng,Public domain,
coll044,43-CNSM-IRM%20glass%20neg.jpg,,,N.S. Skokie Valley Line Telephone Boxes opposite No 1 Sub-Station,,03/17/1926,View SE of 600 volt disconnect switches on catenary near Lake Av substation,,,,,Illinois Railway Museum's Strahorn Library,,Image;StillImage,image/jpeg,eng,Public domain,
coll045,44-CNSM-IRM%20glass%20neg.jpg,,,N.S. Skokie Valley Line View North From Dempster St,,02/24/1926,"View N Dempster St, showing catenary being strung and high tension towers constructed",,,,,Illinois Railway Museum's Strahorn Library,,Image;StillImage,image/jpeg,eng,Public domain,
coll046,45-CNSM-IRM%20glass%20neg.jpg,,,"View N, likely Milw Div, showing freshly ballasted SB track and original NB track.",,,,,,,,Illinois Railway Museum's Strahorn Library,,Image;StillImage,image/jpeg,eng,Public domain,
coll047,46-CNSM-IRM%20glass%20neg.jpg,,,Skokie Valley Line Pier Opposite No 2 Sub Station View N.E.,,03/17/1926,"View showing 600 volt disconnect switches being installed near Substation 2, Kotz Rd Northbrook",,,,,Illinois Railway Museum's Strahorn Library,,Image;StillImage,image/jpeg,eng,Public domain,
coll048,47-CNSM-IRM%20glass%20neg.jpg,,,"Skokie Heights Subdivision entrance, now Bluff Rd near 500 Dundee Rd Glencoe",,,,,,,,Illinois Railway Museum's Strahorn Library,,Image;StillImage,image/jpeg,eng,Public domain,
coll049,48-CNSM-IRM%20glass%20neg.jpg,,,"Skokie Heights Subdivision entrance, now Bluff Rd near 500 Dundee Rd Glencoe",,,,,,,,Illinois Railway Museum's Strahorn Library,,Image;StillImage,image/jpeg,eng,Public domain,
coll050,49-CNSM-IRM%20glass%20neg.jpg,,,Reservation Picnic Grounds View South,,02/06/1925,"Appears to be some sort of bluff, possibly along lake, at Fort Sheridan",,,,,Illinois Railway Museum's Strahorn Library,,Image;StillImage,image/jpeg,eng,Public domain,
coll051,50-CNSM-IRM%20glass%20neg.jpg,,,Building at Great Lakes with tents near street,,,,,,,,Illinois Railway Museum's Strahorn Library,,Image;StillImage,image/jpeg,eng,Public domain,